{
    "$schema": "https://schema.management.azure.com/schemas/2015-01-01/deploymentParameters.json#",
    "contentVersion": "1.0.0.0",
    "parameters": {
        "extensions_enablevmaccess_username": {
            "value": null
        },
        "extensions_enablevmaccess_password": {
            "value": null
        },
        "extensions_enablevmaccess_ssh_key": {
            "value": null
        },
        "extensions_enablevmaccess_reset_ssh": {
            "value": null
        },
        "extensions_enablevmaccess_remove_user": {
            "value": null
        },
        "extensions_enablevmaccess_expiration": {
            "value": null
        },
        "dnszones_maribelajar_com_name": {
            "value": null
        },
        "virtualMachines_maribelajar_vm_name": {
            "value": null
        },
        "sshPublicKeys_ssh_maribelajar_rg_name": {
            "value": null
        },
        "virtualNetworks_maribeljar_rg_vnet_name": {
            "value": null
        },
        "networkInterfaces_maribelajar_vm905_name": {
            "value": null
        },
        "publicIPAddresses_maribelajar_vm_ip_name": {
            "value": null
        },
        "networkSecurityGroups_maribelajar_vm_nsg_name": {
            "value": null
        }
    }
}