{
    "$schema": "https://schema.management.azure.com/schemas/2019-04-01/deploymentTemplate.json#",
    "contentVersion": "1.0.0.0",
    "parameters": {
        "extensions_enablevmaccess_username": {
            "type": "SecureString"
        },
        "extensions_enablevmaccess_password": {
            "type": "SecureString"
        },
        "extensions_enablevmaccess_ssh_key": {
            "type": "SecureString"
        },
        "extensions_enablevmaccess_reset_ssh": {
            "type": "SecureString"
        },
        "extensions_enablevmaccess_remove_user": {
            "type": "SecureString"
        },
        "extensions_enablevmaccess_expiration": {
            "type": "SecureString"
        },
        "dnszones_maribelajar_com_name": {
            "defaultValue": "maribelajar.com",
            "type": "String"
        },
        "virtualMachines_maribelajar_vm_name": {
            "defaultValue": "maribelajar-vm",
            "type": "String"
        },
        "sshPublicKeys_ssh_maribelajar_rg_name": {
            "defaultValue": "ssh-maribelajar-rg",
            "type": "String"
        },
        "virtualNetworks_maribeljar_rg_vnet_name": {
            "defaultValue": "maribeljar-rg-vnet",
            "type": "String"
        },
        "networkInterfaces_maribelajar_vm905_name": {
            "defaultValue": "maribelajar-vm905",
            "type": "String"
        },
        "publicIPAddresses_maribelajar_vm_ip_name": {
            "defaultValue": "maribelajar-vm-ip",
            "type": "String"
        },
        "networkSecurityGroups_maribelajar_vm_nsg_name": {
            "defaultValue": "maribelajar-vm-nsg",
            "type": "String"
        }
    },
    "variables": {},
    "resources": [
        {
            "type": "Microsoft.Compute/sshPublicKeys",
            "apiVersion": "2021-07-01",
            "name": "[parameters('sshPublicKeys_ssh_maribelajar_rg_name')]",
            "location": "canadacentral",
            "properties": {
                "publicKey": "ssh-rsa AAAAB3NzaC1yc2EAAAADAQABAAABgQCi7o9sD5N+yZC/hSjm9Jg6N4yR\r\nsr9ITcIMhTnrAhCrbZUzRO9QPxYXdM3kREn+nq3taF51ZCzoo2z6a0gtDWMTxf++\r\nuOwQNEOGiF2iSmIWFhe/p7pmtEb37aLVZ9tYT0HqGqdH5NdsSaxX3bFE7kgnYx48\r\nxNG/FcmumZRUWO+1bYpSTWSRrhzBFpIuRuf71No2oJ9oFyB6cgfYlesoUgneFmvd\r\nAMbiHXtndo93Slsfo4T5jYYLNbGd5HUadFpOVG7YpAUDhIh96LLhjnc24nEw53/L\r\nvzK80KiwNmkJOGlIvrat4g6i+SCmnokNz9G+s/9O2m9Riorec4DJXAj1/ikN7/Nb\r\nzRP2mLKSzNNk1Rpeg99wmtD+V4ADukBHp9DmbRlfX9yeEGpmd7RPa4wGiKKqtMzc\r\njn95DPd/0LJi5QMaawbSHr/+vL+WSgD+aaTm7BgrvcjSufI5d/V582ym4DytUx16\r\nvGQ79ogJzng2lwkHHhQWJxon1KLEav+ewiUN+d0= generated-by-azure\r\n"
            }
        },
        {
            "type": "Microsoft.Network/dnszones",
            "apiVersion": "2018-05-01",
            "name": "[parameters('dnszones_maribelajar_com_name')]",
            "location": "global",
            "properties": {
                "zoneType": "Public"
            }
        },
        {
            "type": "Microsoft.Network/networkSecurityGroups",
            "apiVersion": "2020-11-01",
            "name": "[parameters('networkSecurityGroups_maribelajar_vm_nsg_name')]",
            "location": "koreacentral",
            "properties": {
                "securityRules": [
                    {
                        "name": "HTTP",
                        "properties": {
                            "protocol": "TCP",
                            "sourcePortRange": "*",
                            "destinationPortRange": "80",
                            "sourceAddressPrefix": "*",
                            "destinationAddressPrefix": "*",
                            "access": "Allow",
                            "priority": 1010,
                            "direction": "Inbound",
                            "sourcePortRanges": [],
                            "destinationPortRanges": [],
                            "sourceAddressPrefixes": [],
                            "destinationAddressPrefixes": []
                        }
                    },
                    {
                        "name": "HTTPS",
                        "properties": {
                            "protocol": "TCP",
                            "sourcePortRange": "*",
                            "destinationPortRange": "443",
                            "sourceAddressPrefix": "*",
                            "destinationAddressPrefix": "*",
                            "access": "Allow",
                            "priority": 1020,
                            "direction": "Inbound",
                            "sourcePortRanges": [],
                            "destinationPortRanges": [],
                            "sourceAddressPrefixes": [],
                            "destinationAddressPrefixes": []
                        }
                    },
                    {
                        "name": "SSH",
                        "properties": {
                            "protocol": "TCP",
                            "sourcePortRange": "*",
                            "destinationPortRange": "22",
                            "sourceAddressPrefix": "*",
                            "destinationAddressPrefix": "*",
                            "access": "Allow",
                            "priority": 1030,
                            "direction": "Inbound",
                            "sourcePortRanges": [],
                            "destinationPortRanges": [],
                            "sourceAddressPrefixes": [],
                            "destinationAddressPrefixes": []
                        }
                    }
                ]
            }
        },
        {
            "type": "Microsoft.Network/publicIPAddresses",
            "apiVersion": "2020-11-01",
            "name": "[parameters('publicIPAddresses_maribelajar_vm_ip_name')]",
            "location": "koreacentral",
            "sku": {
                "name": "Basic",
                "tier": "Regional"
            },
            "properties": {
                "ipAddress": "20.194.2.76",
                "publicIPAddressVersion": "IPv4",
                "publicIPAllocationMethod": "Dynamic",
                "idleTimeoutInMinutes": 4,
                "dnsSettings": {
                    "domainNameLabel": "maribelajar",
                    "fqdn": "maribelajar.koreacentral.cloudapp.azure.com"
                },
                "ipTags": []
            }
        },
        {
            "type": "Microsoft.Network/virtualNetworks",
            "apiVersion": "2020-11-01",
            "name": "[parameters('virtualNetworks_maribeljar_rg_vnet_name')]",
            "location": "koreacentral",
            "properties": {
                "addressSpace": {
                    "addressPrefixes": [
                        "10.0.0.0/16"
                    ]
                },
                "subnets": [
                    {
                        "name": "default",
                        "properties": {
                            "addressPrefix": "10.0.0.0/24",
                            "delegations": [],
                            "privateEndpointNetworkPolicies": "Enabled",
                            "privateLinkServiceNetworkPolicies": "Enabled"
                        }
                    }
                ],
                "virtualNetworkPeerings": [],
                "enableDdosProtection": false
            }
        },
        {
            "type": "Microsoft.Compute/virtualMachines",
            "apiVersion": "2021-07-01",
            "name": "[parameters('virtualMachines_maribelajar_vm_name')]",
            "location": "koreacentral",
            "dependsOn": [
                "[resourceId('Microsoft.Network/networkInterfaces', parameters('networkInterfaces_maribelajar_vm905_name'))]"
            ],
            "plan": {
                "name": "3-0",
                "product": "moodle",
                "publisher": "bitnami"
            },
            "properties": {
                "hardwareProfile": {
                    "vmSize": "Standard_E2as_v4"
                },
                "additionalCapabilities": {
                    "ultraSSDEnabled": true
                },
                "storageProfile": {
                    "imageReference": {
                        "publisher": "bitnami",
                        "offer": "moodle",
                        "sku": "3-0",
                        "version": "latest"
                    },
                    "osDisk": {
                        "osType": "Linux",
                        "name": "[concat(parameters('virtualMachines_maribelajar_vm_name'), '_OsDisk_1_250ce0fe09104c52842cd702605ea2fa')]",
                        "createOption": "FromImage",
                        "caching": "ReadWrite",
                        "managedDisk": {
                            "storageAccountType": "Premium_LRS",
                            "id": "[resourceId('Microsoft.Compute/disks', concat(parameters('virtualMachines_maribelajar_vm_name'), '_OsDisk_1_250ce0fe09104c52842cd702605ea2fa'))]"
                        },
                        "deleteOption": "Detach",
                        "diskSizeGB": 30
                    },
                    "dataDisks": []
                },
                "osProfile": {
                    "computerName": "[parameters('virtualMachines_maribelajar_vm_name')]",
                    "adminUsername": "azureuser",
                    "linuxConfiguration": {
                        "disablePasswordAuthentication": false,
                        "provisionVMAgent": true,
                        "patchSettings": {
                            "patchMode": "ImageDefault",
                            "assessmentMode": "ImageDefault"
                        }
                    },
                    "secrets": [],
                    "allowExtensionOperations": true,
                    "requireGuestProvisionSignal": true
                },
                "networkProfile": {
                    "networkInterfaces": [
                        {
                            "id": "[resourceId('Microsoft.Network/networkInterfaces', parameters('networkInterfaces_maribelajar_vm905_name'))]"
                        }
                    ]
                },
                "diagnosticsProfile": {
                    "bootDiagnostics": {
                        "enabled": true
                    }
                }
            }
        },
        {
            "type": "Microsoft.Compute/virtualMachines/extensions",
            "apiVersion": "2021-07-01",
            "name": "[concat(parameters('virtualMachines_maribelajar_vm_name'), '/AzureNetworkWatcherExtension')]",
            "location": "koreacentral",
            "dependsOn": [
                "[resourceId('Microsoft.Compute/virtualMachines', parameters('virtualMachines_maribelajar_vm_name'))]"
            ],
            "properties": {
                "autoUpgradeMinorVersion": true,
                "publisher": "Microsoft.Azure.NetworkWatcher",
                "type": "NetworkWatcherAgentLinux",
                "typeHandlerVersion": "1.4"
            }
        },
        {
            "type": "Microsoft.Compute/virtualMachines/extensions",
            "apiVersion": "2021-07-01",
            "name": "[concat(parameters('virtualMachines_maribelajar_vm_name'), '/enablevmaccess')]",
            "location": "koreacentral",
            "dependsOn": [
                "[resourceId('Microsoft.Compute/virtualMachines', parameters('virtualMachines_maribelajar_vm_name'))]"
            ],
            "properties": {
                "autoUpgradeMinorVersion": true,
                "publisher": "Microsoft.OSTCExtensions",
                "type": "VMAccessForLinux",
                "typeHandlerVersion": "1.4",
                "settings": {},
                "protectedSettings": {
                    "username": "[parameters('extensions_enablevmaccess_username')]",
                    "password": "[parameters('extensions_enablevmaccess_password')]",
                    "ssh_key": "[parameters('extensions_enablevmaccess_ssh_key')]",
                    "reset_ssh": "[parameters('extensions_enablevmaccess_reset_ssh')]",
                    "remove_user": "[parameters('extensions_enablevmaccess_remove_user')]",
                    "expiration": "[parameters('extensions_enablevmaccess_expiration')]"
                }
            }
        },
        {
            "type": "Microsoft.Network/dnszones/NS",
            "apiVersion": "2018-05-01",
            "name": "[concat(parameters('dnszones_maribelajar_com_name'), '/@')]",
            "dependsOn": [
                "[resourceId('Microsoft.Network/dnszones', parameters('dnszones_maribelajar_com_name'))]"
            ],
            "properties": {
                "TTL": 172800,
                "NSRecords": [
                    {
                        "nsdname": "ns1-37.azure-dns.com."
                    },
                    {
                        "nsdname": "ns2-37.azure-dns.net."
                    },
                    {
                        "nsdname": "ns3-37.azure-dns.org."
                    },
                    {
                        "nsdname": "ns4-37.azure-dns.info."
                    }
                ],
                "targetResource": {}
            }
        },
        {
            "type": "Microsoft.Network/dnszones/SOA",
            "apiVersion": "2018-05-01",
            "name": "[concat(parameters('dnszones_maribelajar_com_name'), '/@')]",
            "dependsOn": [
                "[resourceId('Microsoft.Network/dnszones', parameters('dnszones_maribelajar_com_name'))]"
            ],
            "properties": {
                "TTL": 3600,
                "SOARecord": {
                    "email": "azuredns-hostmaster.microsoft.com",
                    "expireTime": 2419200,
                    "host": "ns1-37.azure-dns.com.",
                    "minimumTTL": 300,
                    "refreshTime": 3600,
                    "retryTime": 300,
                    "serialNumber": 1
                },
                "targetResource": {}
            }
        },
        {
            "type": "Microsoft.Network/networkSecurityGroups/securityRules",
            "apiVersion": "2020-11-01",
            "name": "[concat(parameters('networkSecurityGroups_maribelajar_vm_nsg_name'), '/HTTP')]",
            "dependsOn": [
                "[resourceId('Microsoft.Network/networkSecurityGroups', parameters('networkSecurityGroups_maribelajar_vm_nsg_name'))]"
            ],
            "properties": {
                "protocol": "TCP",
                "sourcePortRange": "*",
                "destinationPortRange": "80",
                "sourceAddressPrefix": "*",
                "destinationAddressPrefix": "*",
                "access": "Allow",
                "priority": 1010,
                "direction": "Inbound",
                "sourcePortRanges": [],
                "destinationPortRanges": [],
                "sourceAddressPrefixes": [],
                "destinationAddressPrefixes": []
            }
        },
        {
            "type": "Microsoft.Network/networkSecurityGroups/securityRules",
            "apiVersion": "2020-11-01",
            "name": "[concat(parameters('networkSecurityGroups_maribelajar_vm_nsg_name'), '/HTTPS')]",
            "dependsOn": [
                "[resourceId('Microsoft.Network/networkSecurityGroups', parameters('networkSecurityGroups_maribelajar_vm_nsg_name'))]"
            ],
            "properties": {
                "protocol": "TCP",
                "sourcePortRange": "*",
                "destinationPortRange": "443",
                "sourceAddressPrefix": "*",
                "destinationAddressPrefix": "*",
                "access": "Allow",
                "priority": 1020,
                "direction": "Inbound",
                "sourcePortRanges": [],
                "destinationPortRanges": [],
                "sourceAddressPrefixes": [],
                "destinationAddressPrefixes": []
            }
        },
        {
            "type": "Microsoft.Network/networkSecurityGroups/securityRules",
            "apiVersion": "2020-11-01",
            "name": "[concat(parameters('networkSecurityGroups_maribelajar_vm_nsg_name'), '/SSH')]",
            "dependsOn": [
                "[resourceId('Microsoft.Network/networkSecurityGroups', parameters('networkSecurityGroups_maribelajar_vm_nsg_name'))]"
            ],
            "properties": {
                "protocol": "TCP",
                "sourcePortRange": "*",
                "destinationPortRange": "22",
                "sourceAddressPrefix": "*",
                "destinationAddressPrefix": "*",
                "access": "Allow",
                "priority": 1030,
                "direction": "Inbound",
                "sourcePortRanges": [],
                "destinationPortRanges": [],
                "sourceAddressPrefixes": [],
                "destinationAddressPrefixes": []
            }
        },
        {
            "type": "Microsoft.Network/virtualNetworks/subnets",
            "apiVersion": "2020-11-01",
            "name": "[concat(parameters('virtualNetworks_maribeljar_rg_vnet_name'), '/default')]",
            "dependsOn": [
                "[resourceId('Microsoft.Network/virtualNetworks', parameters('virtualNetworks_maribeljar_rg_vnet_name'))]"
            ],
            "properties": {
                "addressPrefix": "10.0.0.0/24",
                "delegations": [],
                "privateEndpointNetworkPolicies": "Enabled",
                "privateLinkServiceNetworkPolicies": "Enabled"
            }
        },
        {
            "type": "Microsoft.Network/networkInterfaces",
            "apiVersion": "2020-11-01",
            "name": "[parameters('networkInterfaces_maribelajar_vm905_name')]",
            "location": "koreacentral",
            "dependsOn": [
                "[resourceId('Microsoft.Network/publicIPAddresses', parameters('publicIPAddresses_maribelajar_vm_ip_name'))]",
                "[resourceId('Microsoft.Network/virtualNetworks/subnets', parameters('virtualNetworks_maribeljar_rg_vnet_name'), 'default')]",
                "[resourceId('Microsoft.Network/networkSecurityGroups', parameters('networkSecurityGroups_maribelajar_vm_nsg_name'))]"
            ],
            "properties": {
                "ipConfigurations": [
                    {
                        "name": "ipconfig1",
                        "properties": {
                            "privateIPAddress": "10.0.0.4",
                            "privateIPAllocationMethod": "Dynamic",
                            "publicIPAddress": {
                                "id": "[resourceId('Microsoft.Network/publicIPAddresses', parameters('publicIPAddresses_maribelajar_vm_ip_name'))]"
                            },
                            "subnet": {
                                "id": "[resourceId('Microsoft.Network/virtualNetworks/subnets', parameters('virtualNetworks_maribeljar_rg_vnet_name'), 'default')]"
                            },
                            "primary": true,
                            "privateIPAddressVersion": "IPv4"
                        }
                    }
                ],
                "dnsSettings": {
                    "dnsServers": []
                },
                "enableAcceleratedNetworking": false,
                "enableIPForwarding": false,
                "networkSecurityGroup": {
                    "id": "[resourceId('Microsoft.Network/networkSecurityGroups', parameters('networkSecurityGroups_maribelajar_vm_nsg_name'))]"
                }
            }
        }
    ]
}